{
  "project_info": {
    "project_number": "240680675130",
    "project_id": "product-cd305",
    "storage_bucket": "product-cd305.appspot.com"
  },
  "client": [
    {
      "client_info": {
        "mobilesdk_app_id": "1:240680675130:android:f24d3ea7cda7847e98d203",
        "android_client_info": {
          "package_name": "com.example.product"
        }
      },
      "oauth_client": [],
      "api_key": [
        {
          "current_key": "AIzaSyABzKEia6eyS4AMmDDQdav62w_koxXYbWg"
        }
      ],
      "services": {
        "appinvite_service": {
          "other_platform_oauth_client": []
        }
      }
    }
  ],
  "configuration_version": "1"
}